{"cameraMode":{"drawMode":0,"name":"Shaded","section":"Shading Mode"},"sceneLighting":true,"audioPlay":false,"sceneViewState":{"showFog":true,"showMaterialUpdate":false,"showSkybox":true,"showFlares":true,"showImageEffects":true,"showParticleSystems":true},"in2DMode":false,"pivot":{"x":4.505054473876953,"y":-6.361035346984863,"z":5.8957648277282719},"rotation":{"x":-0.07338351756334305,"y":-0.9265893697738648,"z":0.25675109028816225,"w":-0.264833927154541},"size":10.026444435119629,"orthographic":false}