{"cameraMode":{"drawMode":0,"name":"Shaded","section":"Shading Mode"},"sceneLighting":true,"audioPlay":false,"sceneViewState":{"showFog":true,"showMaterialUpdate":false,"showSkybox":true,"showFlares":true,"showImageEffects":true,"showParticleSystems":true},"in2DMode":false,"pivot":{"x":0.07933639734983444,"y":-8.033673286437989,"z":-15.229952812194825},"rotation":{"x":0.021183013916015626,"y":0.7145793437957764,"z":-0.6989054679870606,"w":0.02166062779724598},"size":6.38010835647583,"orthographic":false}