{"cameraMode":{"drawMode":0,"name":"Shaded","section":"Shading Mode"},"sceneLighting":true,"audioPlay":false,"sceneViewState":{"showFog":true,"showMaterialUpdate":true,"showSkybox":true,"showFlares":true,"showImageEffects":true,"showParticleSystems":true},"in2DMode":false,"pivot":{"x":0.33031177520751955,"y":3.0030295848846437,"z":-2.778463363647461},"rotation":{"x":-0.1142536997795105,"y":-0.4264073967933655,"z":0.054450295865535739,"w":-0.8956781029701233},"size":6.676095962524414,"orthographic":false}