{"cameraMode":{"drawMode":0,"name":"Shaded","section":"Shading Mode"},"sceneLighting":false,"audioPlay":false,"sceneViewState":{"showFog":true,"showMaterialUpdate":true,"showSkybox":false,"showFlares":true,"showImageEffects":true,"showParticleSystems":true},"in2DMode":false,"pivot":{"x":0.2768850326538086,"y":1.5224624872207642,"z":0.0},"rotation":{"x":0.06573452800512314,"y":0.9223583340644836,"z":-0.18103419244289399,"w":0.33491280674934389},"size":7.514927387237549,"orthographic":false}