{"cameraMode":{"drawMode":0,"name":"Shaded","section":"Shading Mode"},"sceneLighting":false,"audioPlay":false,"sceneViewState":{"showFog":true,"showMaterialUpdate":false,"showSkybox":false,"showFlares":true,"showImageEffects":true,"showParticleSystems":true},"in2DMode":false,"pivot":{"x":-0.13142335414886475,"y":0.33559346199035647,"z":-0.12203109264373779},"rotation":{"x":0.1869460642337799,"y":0.8127707839012146,"z":-0.37798967957496645,"w":0.40197983384132388},"size":1.2113622426986695,"orthographic":false}