{"cameraMode":{"drawMode":0,"name":"Shaded","section":"Shading Mode"},"sceneLighting":false,"audioPlay":false,"sceneViewState":{"showFog":true,"showMaterialUpdate":true,"showSkybox":false,"showFlares":true,"showImageEffects":true,"showParticleSystems":true},"in2DMode":false,"pivot":{"x":1.2132482528686524,"y":0.36120447516441347,"z":3.3197989463806154},"rotation":{"x":-0.1020573154091835,"y":-0.8788553476333618,"z":0.22058165073394776,"w":-0.41152942180633547},"size":4.937610149383545,"orthographic":false}