{"cameraMode":{"drawMode":0,"name":"Shaded","section":"Shading Mode"},"sceneLighting":true,"audioPlay":false,"sceneViewState":{"showFog":true,"showMaterialUpdate":true,"showSkybox":true,"showFlares":true,"showImageEffects":true,"showParticleSystems":true},"in2DMode":false,"pivot":{"x":-19.095500946044923,"y":-36.295692443847659,"z":69.4879150390625},"rotation":{"x":0.19601109623908997,"y":-0.22431272268295289,"z":0.04416807368397713,"w":0.9540485143661499},"size":51.5068359375,"orthographic":false}