{"cameraMode":{"drawMode":0,"name":"Shaded","section":"Shading Mode"},"sceneLighting":false,"audioPlay":false,"sceneViewState":{"showFog":true,"showMaterialUpdate":true,"showSkybox":false,"showFlares":true,"showImageEffects":true,"showParticleSystems":true},"in2DMode":false,"pivot":{"x":-2.293081283569336,"y":2.2691221237182619,"z":-1.122725486755371},"rotation":{"x":0.11156050860881806,"y":0.8843570947647095,"z":-0.2721273899078369,"w":0.3626166880130768},"size":4.504750728607178,"orthographic":false}