{"cameraMode":{"drawMode":0,"name":"Shaded","section":"Shading Mode"},"sceneLighting":false,"audioPlay":false,"sceneViewState":{"showFog":true,"showMaterialUpdate":true,"showSkybox":false,"showFlares":true,"showImageEffects":true,"showParticleSystems":true},"in2DMode":false,"pivot":{"x":0.2768850326538086,"y":2.989513635635376,"z":0.0},"rotation":{"x":-0.1020573154091835,"y":-0.8788553476333618,"z":0.22058165073394776,"w":-0.41152942180633547},"size":16.929882049560548,"orthographic":false}