{"cameraMode":{"drawMode":0,"name":"Shaded","section":"Shading Mode"},"sceneLighting":true,"audioPlay":false,"sceneViewState":{"showFog":true,"showMaterialUpdate":false,"showSkybox":true,"showFlares":true,"showImageEffects":true,"showParticleSystems":true},"in2DMode":false,"pivot":{"x":2.1228723526000978,"y":-3.137153148651123,"z":-0.6800565719604492},"rotation":{"x":0.11205896735191345,"y":0.8496986627578735,"z":-0.200705423951149,"w":0.4748821556568146},"size":10.228713035583496,"orthographic":false}