{"cameraMode":{"drawMode":0,"name":"Shaded","section":"Shading Mode"},"sceneLighting":false,"audioPlay":false,"sceneViewState":{"showFog":true,"showMaterialUpdate":false,"showSkybox":true,"showFlares":true,"showImageEffects":true,"showParticleSystems":true},"in2DMode":false,"pivot":{"x":5.496695518493652,"y":9.405284881591797,"z":3.1255035400390627},"rotation":{"x":0.0359029658138752,"y":0.9558464884757996,"z":-0.26023292541503909,"w":0.13217687606811524},"size":6.049043655395508,"orthographic":false}