{"cameraMode":{"drawMode":0,"name":"Shaded","section":"Shading Mode"},"sceneLighting":true,"audioPlay":false,"sceneViewState":{"showFog":true,"showMaterialUpdate":false,"showSkybox":true,"showFlares":true,"showImageEffects":true,"showParticleSystems":true},"in2DMode":false,"pivot":{"x":11.904712677001954,"y":-5.56883430480957,"z":-9.989429473876954},"rotation":{"x":0.062017377465963367,"y":0.9379634857177734,"z":-0.2373027801513672,"w":0.24511314928531648},"size":15.595551490783692,"orthographic":false}