{"cameraMode":{"drawMode":0,"name":"Shaded","section":"Shading Mode"},"sceneLighting":false,"audioPlay":false,"sceneViewState":{"showFog":true,"showMaterialUpdate":false,"showSkybox":true,"showFlares":true,"showImageEffects":true,"showParticleSystems":true},"in2DMode":false,"pivot":{"x":3.0300612449645998,"y":5.217846870422363,"z":-1.709227204322815},"rotation":{"x":0.004833966493606567,"y":0.9610965251922607,"z":-0.2756494879722595,"w":0.016990717500448228},"size":10.920249938964844,"orthographic":false}