{"cameraMode":{"drawMode":0,"name":"Shaded","section":"Shading Mode"},"sceneLighting":false,"audioPlay":false,"sceneViewState":{"showFog":true,"showMaterialUpdate":false,"showSkybox":true,"showFlares":true,"showImageEffects":true,"showParticleSystems":true},"in2DMode":false,"pivot":{"x":630.120361328125,"y":383.5557556152344,"z":166.51318359375},"rotation":{"x":-0.0183037631213665,"y":0.023091083392500879,"z":-0.00042281736386939883,"w":-0.9995657801628113},"size":475.0074462890625,"orthographic":false}