{"cameraMode":{"drawMode":0,"name":"Shaded","section":"Shading Mode"},"sceneLighting":true,"audioPlay":false,"sceneViewState":{"showFog":true,"showMaterialUpdate":true,"showSkybox":true,"showFlares":true,"showImageEffects":true,"showParticleSystems":true},"in2DMode":false,"pivot":{"x":-7.349954605102539,"y":1.4506072998046876,"z":-26.35700798034668},"rotation":{"x":0.7372646331787109,"y":0.13387936353683473,"z":-0.15663844347000123,"w":0.6440954208374023},"size":37.624080657958987,"orthographic":false}