{"cameraMode":{"drawMode":0,"name":"Shaded","section":"Shading Mode"},"sceneLighting":false,"audioPlay":false,"sceneViewState":{"showFog":true,"showMaterialUpdate":true,"showSkybox":false,"showFlares":true,"showImageEffects":true,"showParticleSystems":true},"in2DMode":false,"pivot":{"x":-0.26163768768310549,"y":2.365499496459961,"z":-0.06763124465942383},"rotation":{"x":-0.11049975454807282,"y":-0.8796756267547607,"z":0.25332462787628176,"w":-0.38807517290115359},"size":5.223316669464111,"orthographic":false}