{"cameraMode":{"drawMode":0,"name":"Shaded","section":"Shading Mode"},"sceneLighting":true,"audioPlay":false,"sceneViewState":{"showFog":true,"showMaterialUpdate":false,"showSkybox":true,"showFlares":true,"showImageEffects":true,"showParticleSystems":true},"in2DMode":false,"pivot":{"x":17.39398765563965,"y":-5.37639045715332,"z":-17.84477996826172},"rotation":{"x":-0.06330841034650803,"y":-0.9365695118904114,"z":0.2354632467031479,"w":-0.2519477903842926},"size":11.75424575805664,"orthographic":false}