{"cameraMode":{"drawMode":0,"name":"Shaded","section":"Shading Mode"},"sceneLighting":false,"audioPlay":false,"sceneViewState":{"showFog":true,"showMaterialUpdate":true,"showSkybox":false,"showFlares":true,"showImageEffects":true,"showParticleSystems":true},"in2DMode":false,"pivot":{"x":1.1133942604064942,"y":-2.0539491176605226,"z":4.750797748565674},"rotation":{"x":-0.31664472818374636,"y":-0.11935901641845703,"z":0.04146764799952507,"w":-0.9405256509780884},"size":8.841145515441895,"orthographic":false}