{"cameraMode":{"drawMode":0,"name":"Shaded","section":"Shading Mode"},"sceneLighting":false,"audioPlay":false,"sceneViewState":{"showFog":true,"showMaterialUpdate":true,"showSkybox":false,"showFlares":true,"showImageEffects":true,"showParticleSystems":true},"in2DMode":false,"pivot":{"x":0.5454325675964356,"y":3.1712069511413576,"z":0.2992190420627594},"rotation":{"x":0.14258934557437898,"y":0.2709202468395233,"z":-0.04061572626233101,"w":0.9511165618896484},"size":7.4392499923706059,"orthographic":false}