{"cameraMode":{"drawMode":0,"name":"Shaded","section":"Shading Mode"},"sceneLighting":false,"audioPlay":false,"sceneViewState":{"showFog":true,"showMaterialUpdate":false,"showSkybox":true,"showFlares":true,"showImageEffects":true,"showParticleSystems":true},"in2DMode":false,"pivot":{"x":-0.8186987042427063,"y":-0.1607734113931656,"z":-0.7274702787399292},"rotation":{"x":0.008318851701915264,"y":0.9737175107002258,"z":-0.22471627593040467,"w":0.03621389716863632},"size":5.967111110687256,"orthographic":false}