{"cameraMode":{"drawMode":0,"name":"Shaded","section":"Shading Mode"},"sceneLighting":false,"audioPlay":false,"sceneViewState":{"showFog":true,"showMaterialUpdate":false,"showSkybox":true,"showFlares":true,"showImageEffects":true,"showParticleSystems":true},"in2DMode":false,"pivot":{"x":5.457629203796387,"y":6.641105651855469,"z":-0.7200543284416199},"rotation":{"x":-0.002070602960884571,"y":-0.9778363704681397,"z":0.2093464881181717,"w":-0.00966360978782177},"size":2.6540725231170656,"orthographic":false}