{"cameraMode":{"drawMode":0,"name":"Shaded","section":"Shading Mode"},"sceneLighting":true,"audioPlay":false,"sceneViewState":{"showFog":true,"showMaterialUpdate":false,"showSkybox":true,"showFlares":true,"showImageEffects":true,"showParticleSystems":true},"in2DMode":false,"pivot":{"x":30.244802474975587,"y":4.5986762046813969,"z":6.418789863586426},"rotation":{"x":-0.026318151503801347,"y":0.221869558095932,"z":-0.006008845288306475,"w":-0.9747340679168701},"size":5.301301002502441,"orthographic":false}