{"cameraMode":{"drawMode":0,"name":"Shaded","section":"Shading Mode"},"sceneLighting":false,"audioPlay":false,"sceneViewState":{"showFog":true,"showMaterialUpdate":false,"showSkybox":false,"showFlares":true,"showImageEffects":true,"showParticleSystems":true},"in2DMode":false,"pivot":{"x":0.024387359619140626,"y":0.04493379592895508,"z":1.0388188362121583},"rotation":{"x":-0.15499523282051087,"y":-0.8309482932090759,"z":0.2849029302597046,"w":-0.4521055221557617},"size":2.315431594848633,"orthographic":false}