{"cameraMode":{"drawMode":0,"name":"Shaded","section":"Shading Mode"},"sceneLighting":true,"audioPlay":false,"sceneViewState":{"showFog":true,"showMaterialUpdate":true,"showSkybox":true,"showFlares":true,"showImageEffects":true,"showParticleSystems":true},"in2DMode":false,"pivot":{"x":-9.212753295898438,"y":3.511023998260498,"z":8.224453926086426},"rotation":{"x":-0.043157242238521579,"y":0.9304671287536621,"z":0.11363071948289871,"w":0.34686028957366946},"size":1.8925364017486573,"orthographic":false}