{"cameraMode":{"drawMode":0,"name":"Shaded","section":"Shading Mode"},"sceneLighting":false,"audioPlay":false,"sceneViewState":{"showFog":true,"showMaterialUpdate":false,"showSkybox":false,"showFlares":true,"showImageEffects":true,"showParticleSystems":true},"in2DMode":false,"pivot":{"x":-2.1728992462158205,"y":-4.290280818939209,"z":2.877213478088379},"rotation":{"x":-0.11194460093975067,"y":-0.8868529796600342,"z":0.2913508713245392,"w":-0.3408092260360718},"size":8.934359550476075,"orthographic":false}