{"cameraMode":{"drawMode":0,"name":"Shaded","section":"Shading Mode"},"sceneLighting":true,"audioPlay":false,"sceneViewState":{"showFog":true,"showMaterialUpdate":true,"showSkybox":true,"showFlares":true,"showImageEffects":true,"showParticleSystems":true},"in2DMode":false,"pivot":{"x":2.169984817504883,"y":-2.854006290435791,"z":-2.2238974571228029},"rotation":{"x":-0.12956319749355317,"y":-0.8335910439491272,"z":0.22261403501033784,"w":-0.4894667863845825},"size":11.696769714355469,"orthographic":false}