{"cameraMode":{"drawMode":0,"name":"Shaded","section":"Shading Mode"},"sceneLighting":false,"audioPlay":false,"sceneViewState":{"showFog":true,"showMaterialUpdate":false,"showSkybox":true,"showFlares":true,"showImageEffects":true,"showParticleSystems":true},"in2DMode":false,"pivot":{"x":-3.5400853157043459,"y":-14.93810749053955,"z":14.726295471191407},"rotation":{"x":0.3395771086215973,"y":-0.012697254307568074,"z":0.004584563430398703,"w":0.9404813647270203},"size":10.0,"orthographic":false}