{"cameraMode":{"drawMode":0,"name":"Shaded","section":"Shading Mode"},"sceneLighting":true,"audioPlay":false,"sceneViewState":{"showFog":true,"showMaterialUpdate":true,"showSkybox":true,"showFlares":true,"showImageEffects":true,"showParticleSystems":true},"in2DMode":false,"pivot":{"x":2.8695526123046877,"y":-1.481890320777893,"z":9.151671409606934},"rotation":{"x":-0.2161671668291092,"y":-0.37395188212394717,"z":0.09015534073114395,"w":-0.8974319100379944},"size":3.6860599517822267,"orthographic":false}