{"cameraMode":{"drawMode":0,"name":"Shaded","section":"Shading Mode"},"sceneLighting":false,"audioPlay":false,"sceneViewState":{"showFog":true,"showMaterialUpdate":false,"showSkybox":false,"showFlares":true,"showImageEffects":true,"showParticleSystems":true},"in2DMode":false,"pivot":{"x":-0.04471302032470703,"y":0.2711891531944275,"z":-0.07026931643486023},"rotation":{"x":0.09591934829950333,"y":0.9000349640846252,"z":-0.2523019313812256,"w":0.3421720266342163},"size":0.7932314276695252,"orthographic":false}