{"cameraMode":{"drawMode":0,"name":"Shaded","section":"Shading Mode"},"sceneLighting":false,"audioPlay":false,"sceneViewState":{"showFog":true,"showMaterialUpdate":false,"showSkybox":true,"showFlares":true,"showImageEffects":true,"showParticleSystems":true},"in2DMode":false,"pivot":{"x":-4.078726768493652,"y":7.200919151306152,"z":3.3914527893066408},"rotation":{"x":-0.19698746502399445,"y":-0.015590646304190159,"z":0.003132966347038746,"w":-0.9802768230438232},"size":15.529693603515625,"orthographic":false}