{"cameraMode":{"drawMode":0,"name":"Shaded","section":"Shading Mode"},"sceneLighting":false,"audioPlay":false,"sceneViewState":{"showFog":true,"showMaterialUpdate":false,"showSkybox":true,"showFlares":true,"showImageEffects":true,"showParticleSystems":true},"in2DMode":false,"pivot":{"x":9.631677627563477,"y":14.112058639526368,"z":3.965745449066162},"rotation":{"x":0.0528399832546711,"y":0.9252238869667053,"z":-0.348600834608078,"w":0.14071927964687348},"size":8.440072059631348,"orthographic":false}