{"cameraMode":{"drawMode":0,"name":"Shaded","section":"Shading Mode"},"sceneLighting":false,"audioPlay":false,"sceneViewState":{"showFog":true,"showMaterialUpdate":true,"showSkybox":false,"showFlares":true,"showImageEffects":true,"showParticleSystems":true},"in2DMode":false,"pivot":{"x":4.022288799285889,"y":2.3888182640075685,"z":3.2193918228149416},"rotation":{"x":-0.22174060344696046,"y":-0.17342151701450349,"z":0.04123103618621826,"w":-0.9590989947319031},"size":12.994769096374512,"orthographic":false}