{"cameraMode":{"drawMode":0,"name":"Shaded","section":"Shading Mode"},"sceneLighting":false,"audioPlay":false,"sceneViewState":{"showFog":true,"showMaterialUpdate":false,"showSkybox":true,"showFlares":true,"showImageEffects":true,"showParticleSystems":true},"in2DMode":false,"pivot":{"x":705.0222778320313,"y":191.31472778320313,"z":-132.37493896484376},"rotation":{"x":-0.0044995262287557129,"y":0.016499647870659829,"z":0.00007801565516274422,"w":0.9998640418052673},"size":368.5912780761719,"orthographic":false}