{"cameraMode":{"drawMode":0,"name":"Shaded","section":"Shading Mode"},"sceneLighting":false,"audioPlay":false,"sceneViewState":{"showFog":true,"showMaterialUpdate":false,"showSkybox":true,"showFlares":true,"showImageEffects":true,"showParticleSystems":true},"in2DMode":false,"pivot":{"x":630.3384399414063,"y":252.7271270751953,"z":-391.0635986328125},"rotation":{"x":0.0014999628765508533,"y":-0.01199936494231224,"z":0.00001927993434946984,"w":0.9999305009841919},"size":95.02243041992188,"orthographic":false}