{"cameraMode":{"drawMode":0,"name":"Shaded","section":"Shading Mode"},"sceneLighting":false,"audioPlay":false,"sceneViewState":{"showFog":true,"showMaterialUpdate":false,"showSkybox":true,"showFlares":true,"showImageEffects":true,"showParticleSystems":true},"in2DMode":false,"pivot":{"x":-6.346280097961426,"y":11.204349517822266,"z":5.306093215942383},"rotation":{"x":0.18879073858261109,"y":0.8057346343994141,"z":-0.34144800901412966,"w":0.44561129808425906},"size":6.856618881225586,"orthographic":false}