{"cameraMode":{"drawMode":0,"name":"Shaded","section":"Shading Mode"},"sceneLighting":false,"audioPlay":false,"sceneViewState":{"showFog":true,"showMaterialUpdate":false,"showSkybox":true,"showFlares":true,"showImageEffects":true,"showParticleSystems":true},"in2DMode":false,"pivot":{"x":18.162322998046876,"y":21.430770874023439,"z":4.760766983032227},"rotation":{"x":0.004062124993652105,"y":0.9287194609642029,"z":-0.3707287013530731,"w":0.010325816459953785},"size":11.574676513671875,"orthographic":false}