{"cameraMode":{"drawMode":0,"name":"Shaded","section":"Shading Mode"},"sceneLighting":true,"audioPlay":false,"sceneViewState":{"showFog":true,"showMaterialUpdate":false,"showSkybox":true,"showFlares":true,"showImageEffects":true,"showParticleSystems":true},"in2DMode":false,"pivot":{"x":12.086801528930664,"y":-13.047881126403809,"z":-18.4840145111084},"rotation":{"x":-0.029843769967556,"y":-0.9504886269569397,"z":0.2940886318683624,"w":-0.09830176830291748},"size":21.060136795043947,"orthographic":false}