{"cameraMode":{"drawMode":0,"name":"Shaded","section":"Shading Mode"},"sceneLighting":false,"audioPlay":false,"sceneViewState":{"showFog":true,"showMaterialUpdate":false,"showSkybox":true,"showFlares":true,"showImageEffects":true,"showParticleSystems":true},"in2DMode":false,"pivot":{"x":-4.929938793182373,"y":13.734437942504883,"z":2.580899477005005},"rotation":{"x":0.14902912080287934,"y":0.8401249051094055,"z":-0.28807660937309267,"w":0.43483734130859377},"size":5.306833744049072,"orthographic":false}