{"cameraMode":{"drawMode":0,"name":"Shaded","section":"Shading Mode"},"sceneLighting":true,"audioPlay":false,"sceneViewState":{"showFog":true,"showMaterialUpdate":false,"showSkybox":true,"showFlares":true,"showImageEffects":true,"showParticleSystems":true},"in2DMode":false,"pivot":{"x":8.129317283630371,"y":-3.0720019340515138,"z":-5.1589155197143559},"rotation":{"x":-0.07047558575868607,"y":-0.9224610924720764,"z":0.32093867659568789,"w":-0.2026699185371399},"size":12.813122749328614,"orthographic":false}